9788808063717,5ITIS Chimica
9788808135896,5ITIS Chimica
9788844120788,5ITIS Chimica
9788858317907,5ITIS Chimica
9788883392023,5ITIS Chimica
9788842435266,5ITIS Chimica
9788808236104,5ITIS Chimica
9788839301611,5ITIS Chimica
9788839302809,5ITIS Chimica
9788883326431,5ITIS Chimica
9788844118808,5ITIS Chimica
9788826818412,5ITIS Informatica
9788829836826,5ITIS Informatica
9788858317907,5ITIS Informatica
9788883391118,5ITIS Informatica
9788883392023,5ITIS Informatica
9788842435266,5ITIS Informatica
9788808236104,5ITIS Informatica
9788839301611,5ITIS Informatica
9788820378622,5ITIS Informatica
9788883326431,5ITIS Informatica
9788820378424,5ITIS Informatica
9788839529954,5ITIS Meccanica
9788858317907,5ITIS Meccanica
9788883392023,5ITIS Meccanica
9788853620774,5ITIS Meccanica
9788842435266,5ITIS Meccanica
9788808236104,5ITIS Meccanica
9788820349653,5ITIS Meccanica
9788839301611,5ITIS Meccanica
9788839302809,5ITIS Meccanica
9788820377199,5ITIS Meccanica
9788820383268,5ITIS Meccanica
9788883326431,5ITIS Meccanica
9788852805370,5ITIS Meccanica
9788820366452,5ITIS Meccanica
9781519556196,5ITIS Meccanica
9788823349179,1ITIS
9788808820662,1ITIS
9788899279042,1ITIS
9788883392351,1ITIS
9788839521972,1ITIS
9788808157775,1ITIS
9788808675897,1ITIS
9788808220899,1ITIS
9788835047537,1ITIS
9788823105317,1ITIS
9788808269409,1ITIS
9788808337665,1ITIS
9788839302809,1ITIS
9788858332504,1ITIS
9788820378639,1ITIS
9788808563903,1ITIS
9788823105331,2ITIS
9788823349179,2ITIS
9788808821072,2ITIS
9788883392351,2ITIS
9788839526281,2ITIS
9788808157775,2ITIS
9788808302052,2ITIS
9788808220899,2ITIS
9788835047537,2ITIS
9788808269409,2ITIS
9788808537669,2ITIS
9788839302809,2ITIS
9788849418552,2ITIS
9788820383459,2ITIS
9788823105331,2ITIS Chimica
9788823349179,2ITIS Chimica
9788808821072,2ITIS Chimica
9788883392351,2ITIS Chimica
9788839526281,2ITIS Chimica
9788808157775,2ITIS Chimica
9788808302052,2ITIS Chimica
9788808220899,2ITIS Chimica
9788835047537,2ITIS Chimica
9788808269409,2ITIS Chimica
9788808537669,2ITIS Chimica
9788839302809,2ITIS Chimica
9788849418552,2ITIS Chimica
9788883392382,1leFP op Elettrico
9788879523417,1leFP op Elettrico
9788842435129,1leFP op Elettrico
9788839519207,1leFP op Elettrico
9788835047537,1leFP op Elettrico
9788808234643,1leFP op Elettrico
9788839302809,1leFP op Elettrico
9788869100826,1leFP op Elettrico
9788883392382,1leFP op Meccanico
9788879523417,1leFP op Meccanico
9788842435129,1leFP op Meccanico
9788839519207,1leFP op Meccanico
9788835047537,1leFP op Meccanico
9788808234643,1leFP op Meccanico
9788839302809,1leFP op Meccanico
9788883392382,1leFP op Meccanico Serale
9788839524645,1leFP op Meccanico Serale
9788839519269,1leFP op Meccanico Serale
9788861810914,1leFP op Meccanico Serale
9788808234643,1leFP op Meccanico Serale
9788869100826,1leFP op Meccanico Serale
9788808663856,4ITIS Informatica
9788883392733,4ITIS Informatica
9788883392023,4ITIS Informatica
9788883394348,4ITIS Informatica
9788842435389,4ITIS Informatica
9788808831538,4ITIS Informatica
9788839301611,4ITIS Informatica
9788839302809,4ITIS Informatica
9788874855933,4ITIS Informatica
9788883326424,4ITIS Informatica
9788808599445,4ITIS Informatica
9788823334229,4ITIS Informatica
9788808063717,4ITIS Chimica
9788808098566,4ITIS Chimica
9788808193506,4ITIS Chimica
9788844120788,4ITIS Chimica
9788883392733,4ITIS Chimica
9788883392023,4ITIS Chimica
9788842435389,4ITIS Chimica
9788808831538,4ITIS Chimica
9788839301611,4ITIS Chimica
9788839302809,4ITIS Chimica
9788883326424,4ITIS Chimica
9788844118792,4ITIS Chimica
9788820372774,4ITIS Automazione
9788883392733,4ITIS Automazione
9788883392023,4ITIS Automazione
9788883394348,4ITIS Automazione
9788842435389,4ITIS Automazione
9788808831538,4ITIS Automazione
9788839301611,4ITIS Automazione
9788839302809,4ITIS Automazione
9788820372750,4ITIS Automazione
9788883326424,4ITIS Automazione
9788820372781,4ITIS Automazione
9788839529947,4ITIS Meccanica
9788883392733,4ITIS Meccanica
9788883392023,4ITIS Meccanica
9788853620774,4ITIS Meccanica
9788842435389,4ITIS Meccanica
9788808831538,4ITIS Meccanica
9788820349646,4ITIS Meccanica
9788839301611,4ITIS Meccanica
9788839302809,4ITIS Meccanica
9788820378349,4ITIS Meccanica
9788883326424,4ITIS Meccanica
9788852805448,4ITIS Meccanica
9788820366452,4ITIS Meccanica
9788820373481,4ITIS Meccanica
9788839529947,4ITIS Meccanico Serale
9780194276894,4ITIS Meccanico Serale
9780194706100,4ITIS Meccanico Serale
9788820349738,4ITIS Meccanico Serale
9788842435815,4ITIS Meccanico Serale
9788808235725,4ITIS Meccanico Serale
9788820349646,4ITIS Meccanico Serale
9788820349691,4ITIS Meccanico Serale
9788842435907,4ITIS Meccanico Serale
9788820372408,4ITIS Meccanico Serale
9788839529954,4ITIS Meccanico Serale
9788858317907,4ITIS Meccanico Serale
9780194706100,4ITIS Meccanico Serale
9788820349738,4ITIS Meccanico Serale
9788842435822,4ITIS Meccanico Serale
9788808236104,4ITIS Meccanico Serale
9788820349653,4ITIS Meccanico Serale
9788820349707,4ITIS Meccanico Serale
9788842435914,4ITIS Meccanico Serale
9788820350116,4ITIS Meccanico Serale
9788808235206,2leFP op Elettrico
9788883392382,2leFP op Elettrico
9788879523417,2leFP op Elettrico
9788842435129,2leFP op Elettrico
9788861810914,2leFP op Elettrico
9788835047537,2leFP op Elettrico
9788839302809,2leFP op Elettrico
9788869101991,2leFP op Elettrico
9788835025665,2leFP op Elettrico
9788808235206,2leFP op Meccanico
9788883392382,2leFP op Meccanico
9788879523417,2leFP op Meccanico
9788842435129,2leFP op Meccanico
9788861810914,2leFP op Meccanico
9788835047537,2leFP op Meccanico
9788839302809,2leFP op Meccanico
9788869101991,2leFP op Meccanico
9788820331511,2leFP op Meccanico
9788883392382,2leFP op Meccanico Serale
9788839524645,2leFP op Meccanico Serale
9788839519269,2leFP op Meccanico Serale
9788861810914,2leFP op Meccanico Serale
9788869101991,2leFP op Meccanico Serale
9788883392382,3leFP op Elettrico
9788839524645,3leFP op Elettrico
9788839519269,3leFP op Elettrico
9788861810914,3leFP op Elettrico
9788869101991,3leFP op Elettrico
9788842673873,3leFP op Elettrico
9788839302809,3leFP op Elettrico
9788842456438,3leFP op Elettrico
9788820360887,3leFP op Meccanico
9788883390524,3leFP op Meccanico
9788879523417,3leFP op Meccanico
9788842435129,3leFP op Meccanico
9788861811171,3leFP op Meccanico
9788842673873,3leFP op Meccanico
9788839302809,3leFP op Meccanico
9788842456438,3leFP op Meccanico
9788820331511,3leFP op Meccanico
9788820356552,3leFP op Meccanico
9788883390524,3leFP op Meccanico Serale
9788839524645,3leFP op Meccanico Serale
9788839519269,3leFP op Meccanico Serale
9788861811171,3leFP op Meccanico Serale
9788869101991,3leFP op Meccanico Serale
9788808648389,3ITIS Chimca
9788808821317,3ITIS Chimca
9788808196446,3ITIS Chimca
9788808202871,3ITIS Chimca
9788883392733,3ITIS Chimca
9788883392023,3ITIS Chimca
9788849418651,3ITIS Chimca
9788869100581,3ITIS Chimca
9788808837837,3ITIS Chimca
9788842673873,3ITIS Chimca
9788839302809,3ITIS Chimca
9788883326417,3ITIS Chimca
9788844118785,3ITIS Chimca
9788820366360,3ITIS Automazione
9788883392733,3ITIS Automazione
9788883392023,3ITIS Automazione
9788849418651,3ITIS Automazione
9788869100581,3ITIS Automazione
9788808837837,3ITIS Automazione
9788842673873,3ITIS Automazione
9788839302809,3ITIS Automazione
9788820349752,3ITIS Automazione
9788883326417,3ITIS Automazione
9788820366643,3ITIS Automazione
9788808520937,3ITIS Informatica
9788883392733,3ITIS Informatica
9788883392023,3ITIS Informatica
9788849418651,3ITIS Informatica
9788869100581,3ITIS Informatica
9788808837837,3ITIS Informatica
9788842673873,3ITIS Informatica
9788839302809,3ITIS Informatica
9788874855933,3ITIS Informatica
9788883326417,3ITIS Informatica
9788808920997,3ITIS Informatica
9788823357037,3ITIS Informatica
9788839529930,3ITIS Meccainca
9788883392733,3ITIS Meccainca
9788883392023,3ITIS Meccainca
9788849418651,3ITIS Meccainca
9788869100581,3ITIS Meccainca
9788808837837,3ITIS Meccainca
9788820349639,3ITIS Meccainca
9788842673873,3ITIS Meccainca
9788839302809,3ITIS Meccainca
9788820372255,3ITIS Meccainca
9788883326417,3ITIS Meccainca
9788852805417,3ITIS Meccainca
9788820366452,3ITIS Meccainca
9788820373481,3ITIS Meccainca
9788839529930,3Serale Meccanica
9788883392023,3Serale Meccanica
9780194276894,3Serale Meccanica
9788869100581,3Serale Meccanica
9788808199614,3Serale Meccanica
9788820349639,3Serale Meccanica
9788820372255,3Serale Meccanica
9788842435891,3Serale Meccanica
9788852805417,3Serale Meccanica